{
	"Name": "Cooker",
	"Description": "",
	"InternalVariables": [
	],
	"Modes": ["MachineState"],
	"InitState": "on",
	"WorkingStates": [
		{
			"Name": "on",
			"Dynamics": [],
			"Invariant": "true",
			"Description": "",
			"Trust": "trusted"
		},
		{
			"Name": "off",
			"Dynamics": [],
			"Invariant": "true",
			"Description": "",
			"Trust": "trusted"
		}
	],
	"Transitions": [
	],
	"APIs": [
		{
			"Name": "on",
			"StartState": "",
			"EndState": "on",
			"Trigger": null,
			"Assignments": [],
			"Signal": true,
			"Description": ""
		},
		{
			"Name": "off",
			"StartState": "",
			"EndState": "off",
			"Trigger": null,
			"Assignments": [],
			"Signal": true,
			"Description": ""
		}
	]
}
