{
	"Name": "Door",
	"Description": "",
	"InternalVariables": [
	],
	"Modes": ["LockState"],
	"InitState": "locked",
	"WorkingStates": [
		{
			"Name": "locked",
			"Dynamics": [],
			"Invariant": "true",
			"Description": "",
			"Trust": "trusted"
		},
		{
			"Name": "unlocked",
			"Dynamics": [],
			"Invariant": "true",
			"Description": "",
			"Trust": "trusted"
		}
	],
	"Transitions": [
	],
	"APIs": [
		{
			"Name": "lock",
			"StartState": "",
			"EndState": "locked",
			"Trigger": null,
			"Assignments": [],
			"Signal": true,
			"Description": ""
		},
		{
			"Name": "unlock",
			"StartState": "",
			"EndState": "unlocked",
			"Trigger": null,
			"Assignments": [],
			"Signal": true,
			"Description": ""
		}
	]
}
