{
	"Name": "Air Quality Monitor",
	"Description": "",
	"InternalVariables": [
		{
			"Name": "airQuality",
			"Description": "",
			"IsInside": false,
			"PublicVisible": true,
			"Trust": "untrusted",
			"LowerBound": 0,
			"UpperBound": 100,
			"NaturalChangeRate": "[-1, 1]"
		},
		{
			"Name": "carbonDioxide",
			"Description": "",
			"IsInside": false,
			"PublicVisible": true,
			"Trust": "untrusted",
			"LowerBound": 0,
			"UpperBound": 100,
			"NaturalChangeRate": "[-1, 1]"
		}
	],
	"Modes": [],
	"InitState": "",
	"WorkingStates": [
	],
	"Transitions": [
	],
	"APIs": [

	]
}
