{
	"Name": "Oven",
	"Description": "",
	"InternalVariables": [
		{
			"Name": "ovenJobState",
			"Description": "",
			"IsInside": true,
			"PublicVisible": false,
			"Trust": "untrusted",
			"Values": ["cleaning", "cooking", "cooling", "draining", "preheat", "ready", "rinsing"]
		},
		{
			"Name": "operationTime",
			"Description": "",
			"IsInside": true,
			"PublicVisible": true,
			"Trust": "untrusted",
			"LowerBound": 0,
			"UpperBound": 100,
			"NaturalChangeRate": "[0, 1]"
		},
		{
			"Name": "progress",
			"Description": "",
			"IsInside": true,
			"PublicVisible": true,
			"Trust": "untrusted",
			"LowerBound": 0,
			"UpperBound": 100,
			"NaturalChangeRate": "[0, 1]"
		}
	],
	"Modes": ["OvenMode", "MachineState"],
	"InitState": "heating;ready",
	"WorkingStates": [
		{
			"Name": "heating;ready",
			"Dynamics": [],
			"Invariant": "true",
			"Description": "",
			"Trust": "trusted"
		},
		{
			"Name": "heating;running",
			"Dynamics": [],
			"Invariant": "true",
			"Description": "",
			"Trust": "trusted"
		},
		{
			"Name": "heating;paused",
			"Dynamics": [],
			"Invariant": "true",
			"Description": "",
			"Trust": "trusted"
		},
		{
			"Name": "grill;ready",
			"Dynamics": [],
			"Invariant": "true",
			"Description": "",
			"Trust": "trusted"
		},
		{
			"Name": "grill;running",
			"Dynamics": [],
			"Invariant": "true",
			"Description": "",
			"Trust": "trusted"
		},
		{
			"Name": "grill;paused",
			"Dynamics": [],
			"Invariant": "true",
			"Description": "",
			"Trust": "trusted"
		},
		{
			"Name": "warming;ready",
			"Dynamics": [],
			"Invariant": "true",
			"Description": "",
			"Trust": "trusted"
		},
		{
			"Name": "warming;running",
			"Dynamics": [],
			"Invariant": "true",
			"Description": "",
			"Trust": "trusted"
		},
		{
			"Name": "warming;paused",
			"Dynamics": [],
			"Invariant": "true",
			"Description": "",
			"Trust": "trusted"
		},
		{
			"Name": "defrosting;ready",
			"Dynamics": [],
			"Invariant": "true",
			"Description": "",
			"Trust": "trusted"
		},
		{
			"Name": "defrosting;running",
			"Dynamics": [],
			"Invariant": "true",
			"Description": "",
			"Trust": "trusted"
		},
		{
			"Name": "defrosting;paused",
			"Dynamics": [],
			"Invariant": "true",
			"Description": "",
			"Trust": "trusted"
		}
	],
	"Transitions": [
	],
	"APIs": [
		{
			"Name": "heating",
			"StartState": "",
			"EndState": "heating;",
			"Trigger": null,
			"Assignments": [],
			"Signal": true,
			"Description": ""
		},
		{
			"Name": "grill",
			"StartState": "",
			"EndState": "grill;",
			"Trigger": null,
			"Assignments": [],
			"Signal": true,
			"Description": ""
		},
		{
			"Name": "warming",
			"StartState": "",
			"EndState": "warming;",
			"Trigger": null,
			"Assignments": [],
			"Signal": true,
			"Description": ""
		},
		{
			"Name": "defrosting",
			"StartState": "",
			"EndState": "defrosting;",
			"Trigger": null,
			"Assignments": [],
			"Signal": true,
			"Description": ""
		},
		{
			"Name": "ready",
			"StartState": "",
			"EndState": ";ready",
			"Trigger": null,
			"Assignments": [],
			"Signal": true,
			"Description": ""
		},
		{
			"Name": "running",
			"StartState": "",
			"EndState": ";running",
			"Trigger": null,
			"Assignments": [],
			"Signal": true,
			"Description": ""
		},
		{
			"Name": "paused",
			"StartState": "",
			"EndState": ";paused",
			"Trigger": null,
			"Assignments": [],
			"Signal": true,
			"Description": ""
		}
	]
}
