{
	"Name": "Water Heater",
	"Description": "",
	"InternalVariables": [
		{
			"Name": "waterTemperature",
			"Description": "",
			"IsInside": true,
			"PublicVisible": true,
			"Trust": "untrusted",
			"LowerBound": 0,
			"UpperBound": 100,
			"NaturalChangeRate": "[-1, 1]"
		}
	],
	"ImpactedVariables": ["waterTemperature"],
	"Modes": ["MachineState"],
	"InitState": "on",
	"WorkingStates": [
		{
			"Name": "off",
			"Dynamics": [],
			"Invariant": "true",
			"Description": "",
			"Trust": "trusted"
		},
		{
			"Name": "on",
			"Dynamics": [
				{
					"VariableName":"waterTemperature",
					"ChangeRate":"1"
				}
			],
			"Invariant": "true",
			"Description": "",
			"Trust": "trusted"
		}
	],
	"Transitions": [
	],
	"APIs": [
		{
			"Name": "on",
			"StartState": "",
			"EndState": "on",
			"Trigger": null,
			"Assignments": [],
			"Signal": true,
			"Description": ""
		},
		{
			"Name": "off",
			"StartState": "",
			"EndState": "off",
			"Trigger": null,
			"Assignments": [],
			"Signal": true,
			"Description": ""
		}
	]
}
