{
	"Name": "Calendar",
	"Description": "",
	"InternalVariables": [
		{
			"Name": "date",
			"Description": "",
			"IsInside": false,
			"PublicVisible": true,
			"Trust": "trusted",
			"Values": ["weekdays", "weekend", "MothersDay"]
		},
		{
			"Name": "season",
			"Description": "",
			"IsInside": false,
			"PublicVisible": true,
			"Trust": "trusted",
			"Values": ["spring", "summer", "autumn", "winter"]
		}
	],
	"Modes": [],
	"InitState": "",
	"WorkingStates": [
	],
	"Transitions": [
	],
	"APIs": [
	]
}
