{
	"Name": "Camera",
	"Description": "",
	"InternalVariables": [
	],
	"Contents": [
		{
			"Name": "photo",
			"Privacy": "private",
			"IsChangeable": false
		}
	],
	"Modes": ["MachineState"],
	"InitState": "on",
	"WorkingStates": [
		{
			"Name": "on",
			"Dynamics": [],
			"Invariant": "true",
			"Description": "",
			"Trust": "trusted"
		},
		{
			"Name": "off",
			"Dynamics": [],
			"Invariant": "true",
			"Description": "",
			"Trust": "trusted"
		},
		{
			"Name": "taking photo",
			"Dynamics": [],
			"Invariant": "true",
			"Description": "",
			"Trust": "trusted"
		}
	],
	"Transitions": [
		{
			"Name": "token photo",
			"StartState": "taking photo",
			"EndState": "on",
			"Trigger": {
				"Attribute": "MachineState",
				"Relation": "=",
				"Value": "taking photo"
			},
			"Assignments": [],
			"Signal": false,
			"Description": ""
		}
	],
	"APIs": [
		{
			"Name": "on",
			"StartState": "off",
			"EndState": "on",
			"Trigger": null,
			"Assignments": [],
			"Signal": true,
			"Description": ""
		},
		{
			"Name": "off",
			"StartState": "on",
			"EndState": "off",
			"Trigger": null,
			"Assignments": [],
			"Signal": true,
			"Description": ""
		},
		{
			"Name": "take photo",
			"StartState": "on",
			"EndState": "taking photo",
			"Trigger": null,
			"Assignments": [],
			"Signal": true,
			"Description": ""
		}
	]
}
