{
	"Name": "Email",
	"Description": "",
	"InternalVariables": [
		{
			"Name": "receiveKey",
			"Description": "",
			"IsInside": true,
			"PublicVisible": true,
			"Trust": "trusted",
			"Values": ["Key", "others"]
		},
		{
			"Name": "receiveMail",
			"Description": "",
			"IsInside": true,
			"PublicVisible": true,
			"Trust": "trusted",
			"Values": ["idle", "receive"]
		}
	],
	"Modes": ["State"],
	"InitState": "idle",
	"WorkingStates": [
		{
			"Name": "idle",
			"Dynamics": [],
			"Invariant": "true",
			"Description": "",
			"Trust": "trusted"
		},
		{
			"Name": "sending",
			"Dynamics": [],
			"Invariant": "true",
			"Description": "",
			"Trust": "trusted"
		}
	],
	"Transitions": [
		{
			"Name": "sent",
			"StartState": "sending",
			"EndState": "idle",
			"Trigger": {
				"Attribute": "State",
				"Relation": "=",
				"Value": "sending"
			},
			"Assignments": [],
			"Signal": false,
			"Description": ""
		}
	],
	"APIs": [
		{
			"Name": "send mail",
			"StartState": "idle",
			"EndState": "sending",
			"Trigger": null,
			"Assignments": [],
			"Signal": true,
			"Description": ""
		}
	]
}
