{
	"Name": "Twitter",
	"Description": "",
	"InternalVariables": [
	],
	"Contents": [
		{
			"Name": "content",
			"Privacy": "public",
			"IsChangeable": true
		}
	],
	"Modes": ["State"],
	"InitState": "idle",
	"WorkingStates": [
		{
			"Name": "idle",
			"Dynamics": [],
			"Invariant": "true",
			"Description": "",
			"Trust": "trusted"
		},
		{
			"Name": "posting",
			"Dynamics": [],
			"Invariant": "true",
			"Description": "",
			"Trust": "trusted"
		}
	],
	"Transitions": [
		{
			"Name": "posted",
			"StartState": "posting",
			"EndState": "idle",
			"Trigger": {
				"Attribute": "State",
				"Relation": "=",
				"Value": "posting"
			},
			"Assignments": [],
			"Signal": false,
			"Description": ""
		}
	],
	"APIs": [
		{
			"Name": "post",
			"StartState": "idle",
			"EndState": "posting",
			"Trigger": null,
			"Assignments": [],
			"Signal": true,
			"Description": ""
		}
	]
}
