{
	"Name": "Washer Machine",
	"Description": "",
	"InternalVariables": [
		{
			"Name": "washerJobState",
			"Description": "",
			"IsInside": true,
			"PublicVisible": false,
			"Trust": "untrusted",
			"Values": ["airWash", "cooling", "delayWash", "drying", "finish", "none", "preWash", "rinse", "spin", "wash", "weightSensing", "wrinklePrevent"]
		}
	],
	"Modes": ["WasherMode", "MachineState"],
	"InitState": "regular;pause",
	"WorkingStates": [
		{
			"Name": "regular;pause",
			"Dynamics": [],
			"Invariant": "true",
			"Description": "",
			"Trust": "trusted"
		},
		{
			"Name": "regular;run",
			"Dynamics": [],
			"Invariant": "true",
			"Description": "",
			"Trust": "trusted"
		},
		{
			"Name": "regular;stop",
			"Dynamics": [],
			"Invariant": "true",
			"Description": "",
			"Trust": "trusted"
		},
		{
			"Name": "heavy;pause",
			"Dynamics": [],
			"Invariant": "true",
			"Description": "",
			"Trust": "trusted"
		},
		{
			"Name": "heavy;run",
			"Dynamics": [],
			"Invariant": "true",
			"Description": "",
			"Trust": "trusted"
		},
		{
			"Name": "heavy;stop",
			"Dynamics": [],
			"Invariant": "true",
			"Description": "",
			"Trust": "trusted"
		},
		{
			"Name": "rinse;pause",
			"Dynamics": [],
			"Invariant": "true",
			"Description": "",
			"Trust": "trusted"
		},
		{
			"Name": "rinse;run",
			"Dynamics": [],
			"Invariant": "true",
			"Description": "",
			"Trust": "trusted"
		},
		{
			"Name": "rinse;stop",
			"Dynamics": [],
			"Invariant": "true",
			"Description": "",
			"Trust": "trusted"
		},
		{
			"Name": "spinDry;pause",
			"Dynamics": [],
			"Invariant": "true",
			"Description": "",
			"Trust": "trusted"
		},
		{
			"Name": "spinDry;run",
			"Dynamics": [],
			"Invariant": "true",
			"Description": "",
			"Trust": "trusted"
		},
		{
			"Name": "spinDry;stop",
			"Dynamics": [],
			"Invariant": "true",
			"Description": "",
			"Trust": "trusted"
		}
	],
	"Transitions": [
	],
	"APIs": [
		{
			"Name": "regular",
			"StartState": "",
			"EndState": "regular;",
			"Trigger": null,
			"Assignments": [],
			"Signal": true,
			"Description": ""
		},
		{
			"Name": "heavy",
			"StartState": "",
			"EndState": "heavy;",
			"Trigger": null,
			"Assignments": [],
			"Signal": true,
			"Description": ""
		},
		{
			"Name": "rinse",
			"StartState": "",
			"EndState": "rinse;",
			"Trigger": null,
			"Assignments": [],
			"Signal": true,
			"Description": ""
		},
		{
			"Name": "spinDry",
			"StartState": "",
			"EndState": "spinDry;",
			"Trigger": null,
			"Assignments": [],
			"Signal": true,
			"Description": ""
		},
		{
			"Name": "pause",
			"StartState": "",
			"EndState": ";pause",
			"Trigger": null,
			"Assignments": [],
			"Signal": true,
			"Description": ""
		},
		{
			"Name": "run",
			"StartState": "",
			"EndState": ";run",
			"Trigger": null,
			"Assignments": [],
			"Signal": true,
			"Description": ""
		},
		{
			"Name": "stop",
			"StartState": "",
			"EndState": ";stop",
			"Trigger": null,
			"Assignments": [],
			"Signal": true,
			"Description": ""
		}
	]
}
